delta_id	component	stack_id	framework	openness	label_claimed	status
delta_aero	advantage_guided_evolution	colab-open_dapo_e3	colab-open-trainer	open	dapo	not_applicable
delta_aero	advantage_guided_evolution	colab-open_drgrpo_e3	colab-open-trainer	open	drgrpo	not_applicable
delta_aero	advantage_guided_evolution	colab-open_grpo-adaptiveg_e3	colab-open-trainer	open	grpo	not_applicable
delta_aero	advantage_guided_evolution	colab-open_grpo_e3	colab-open-trainer	open	grpo	not_applicable
delta_aero	advantage_guided_evolution	openrlhf_grpo_qwen3-8b_gsm8k	openrlhf	open	grpo	not_applicable
delta_aero	advantage_guided_evolution	tinker_aero_qwen3.5-4b_gsm8k	tinker	managed	aero	implemented
delta_aero	advantage_guided_evolution	tinker_areal_qwen3.5-4b_gsm8k	tinker	managed	areal	not_applicable
delta_aero	advantage_guided_evolution	tinker_dapo_qwen3.5-4b_gsm8k	tinker	managed	dapo	not_applicable
delta_aero	advantage_guided_evolution	tinker_drgrpo_qwen3.5-4b_gsm8k	tinker	managed	drgrpo	not_applicable
delta_aero	advantage_guided_evolution	tinker_gift_qwen3.5-4b_gsm8k	tinker	managed	gift	not_applicable
delta_aero	advantage_guided_evolution	tinker_grpo_qwen3-8b_gsm8k	tinker	managed	grpo	not_applicable
delta_aero	advantage_guided_evolution	tinker_grpo_qwen3.5-4b_gsm8k	tinker	managed	grpo	not_applicable
delta_aero	advantage_guided_evolution	tinker_gspo_qwen3.5-4b_gsm8k	tinker	managed	gspo	not_applicable
delta_aero	advantage_guided_evolution	trl_grpo_qwen3-8b_gsm8k	trl	open	grpo	not_applicable
delta_aero	advantage_guided_evolution	verl_grpo_qwen3-8b_gsm8k	verl	open	grpo	not_applicable
delta_aero	advantage_guided_evolution	zvf130_cppo	worktree-zvf130-batch	open	cppo	not_applicable
delta_aero	advantage_guided_evolution	zvf130_es	worktree-zvf130-batch	open	es	not_applicable
delta_aero	advantage_guided_evolution	zvf130_mcgrpo	worktree-zvf130-batch	open	mcgrpo	not_applicable
delta_aero	advantage_guided_evolution	zvf130_ngrpo	worktree-zvf130-batch	open	ngrpo	not_applicable
delta_aero	advantage_guided_evolution	zvf130_scafgrpo	worktree-zvf130-batch	open	scafgrpo	not_applicable
delta_areal	autoscaling_Rollout	colab-open_dapo_e3	colab-open-trainer	open	dapo	not_applicable
delta_areal	autoscaling_Rollout	colab-open_drgrpo_e3	colab-open-trainer	open	drgrpo	not_applicable
delta_areal	autoscaling_Rollout	colab-open_grpo-adaptiveg_e3	colab-open-trainer	open	grpo	not_applicable
delta_areal	autoscaling_Rollout	colab-open_grpo_e3	colab-open-trainer	open	grpo	not_applicable
delta_areal	autoscaling_Rollout	openrlhf_grpo_qwen3-8b_gsm8k	openrlhf	open	grpo	not_applicable
delta_areal	autoscaling_Rollout	tinker_aero_qwen3.5-4b_gsm8k	tinker	managed	aero	not_applicable
delta_areal	autoscaling_Rollout	tinker_areal_qwen3.5-4b_gsm8k	tinker	managed	areal	implemented
delta_areal	autoscaling_Rollout	tinker_dapo_qwen3.5-4b_gsm8k	tinker	managed	dapo	not_applicable
delta_areal	autoscaling_Rollout	tinker_drgrpo_qwen3.5-4b_gsm8k	tinker	managed	drgrpo	not_applicable
delta_areal	autoscaling_Rollout	tinker_gift_qwen3.5-4b_gsm8k	tinker	managed	gift	not_applicable
delta_areal	autoscaling_Rollout	tinker_grpo_qwen3-8b_gsm8k	tinker	managed	grpo	not_applicable
delta_areal	autoscaling_Rollout	tinker_grpo_qwen3.5-4b_gsm8k	tinker	managed	grpo	not_applicable
delta_areal	autoscaling_Rollout	tinker_gspo_qwen3.5-4b_gsm8k	tinker	managed	gspo	not_applicable
delta_areal	autoscaling_Rollout	trl_grpo_qwen3-8b_gsm8k	trl	open	grpo	not_applicable
delta_areal	autoscaling_Rollout	verl_grpo_qwen3-8b_gsm8k	verl	open	grpo	not_applicable
delta_areal	autoscaling_Rollout	zvf130_cppo	worktree-zvf130-batch	open	cppo	not_applicable
delta_areal	autoscaling_Rollout	zvf130_es	worktree-zvf130-batch	open	es	not_applicable
delta_areal	autoscaling_Rollout	zvf130_mcgrpo	worktree-zvf130-batch	open	mcgrpo	not_applicable
delta_areal	autoscaling_Rollout	zvf130_ngrpo	worktree-zvf130-batch	open	ngrpo	not_applicable
delta_areal	autoscaling_Rollout	zvf130_scafgrpo	worktree-zvf130-batch	open	scafgrpo	not_applicable
delta_cppo	continuity_penalty	colab-open_dapo_e3	colab-open-trainer	open	dapo	not_applicable
delta_cppo	continuity_penalty	colab-open_drgrpo_e3	colab-open-trainer	open	drgrpo	not_applicable
delta_cppo	continuity_penalty	colab-open_grpo-adaptiveg_e3	colab-open-trainer	open	grpo	not_applicable
delta_cppo	continuity_penalty	colab-open_grpo_e3	colab-open-trainer	open	grpo	not_applicable
delta_cppo	continuity_penalty	openrlhf_grpo_qwen3-8b_gsm8k	openrlhf	open	grpo	not_applicable
delta_cppo	continuity_penalty	tinker_aero_qwen3.5-4b_gsm8k	tinker	managed	aero	not_applicable
delta_cppo	continuity_penalty	tinker_areal_qwen3.5-4b_gsm8k	tinker	managed	areal	not_applicable
delta_cppo	continuity_penalty	tinker_dapo_qwen3.5-4b_gsm8k	tinker	managed	dapo	not_applicable
delta_cppo	continuity_penalty	tinker_drgrpo_qwen3.5-4b_gsm8k	tinker	managed	drgrpo	not_applicable
delta_cppo	continuity_penalty	tinker_gift_qwen3.5-4b_gsm8k	tinker	managed	gift	not_applicable
delta_cppo	continuity_penalty	tinker_grpo_qwen3-8b_gsm8k	tinker	managed	grpo	not_applicable
delta_cppo	continuity_penalty	tinker_grpo_qwen3.5-4b_gsm8k	tinker	managed	grpo	not_applicable
delta_cppo	continuity_penalty	tinker_gspo_qwen3.5-4b_gsm8k	tinker	managed	gspo	not_applicable
delta_cppo	continuity_penalty	trl_grpo_qwen3-8b_gsm8k	trl	open	grpo	not_applicable
delta_cppo	continuity_penalty	verl_grpo_qwen3-8b_gsm8k	verl	open	grpo	not_applicable
delta_cppo	continuity_penalty	zvf130_cppo	worktree-zvf130-batch	open	cppo	unknown
delta_cppo	continuity_penalty	zvf130_es	worktree-zvf130-batch	open	es	not_applicable
delta_cppo	continuity_penalty	zvf130_mcgrpo	worktree-zvf130-batch	open	mcgrpo	not_applicable
delta_cppo	continuity_penalty	zvf130_ngrpo	worktree-zvf130-batch	open	ngrpo	not_applicable
delta_cppo	continuity_penalty	zvf130_scafgrpo	worktree-zvf130-batch	open	scafgrpo	not_applicable
delta_dapo	clip_higher	colab-open_dapo_e3	colab-open-trainer	open	dapo	implemented
delta_dapo	clip_higher	colab-open_drgrpo_e3	colab-open-trainer	open	drgrpo	not_applicable
delta_dapo	clip_higher	colab-open_grpo-adaptiveg_e3	colab-open-trainer	open	grpo	not_applicable
delta_dapo	clip_higher	colab-open_grpo_e3	colab-open-trainer	open	grpo	not_applicable
delta_dapo	clip_higher	openrlhf_grpo_qwen3-8b_gsm8k	openrlhf	open	grpo	not_applicable
delta_dapo	clip_higher	tinker_aero_qwen3.5-4b_gsm8k	tinker	managed	aero	not_applicable
delta_dapo	clip_higher	tinker_areal_qwen3.5-4b_gsm8k	tinker	managed	areal	not_applicable
delta_dapo	clip_higher	tinker_dapo_qwen3.5-4b_gsm8k	tinker	managed	dapo	surrogate
delta_dapo	clip_higher	tinker_drgrpo_qwen3.5-4b_gsm8k	tinker	managed	drgrpo	not_applicable
delta_dapo	clip_higher	tinker_gift_qwen3.5-4b_gsm8k	tinker	managed	gift	not_applicable
delta_dapo	clip_higher	tinker_grpo_qwen3-8b_gsm8k	tinker	managed	grpo	not_applicable
delta_dapo	clip_higher	tinker_grpo_qwen3.5-4b_gsm8k	tinker	managed	grpo	not_applicable
delta_dapo	clip_higher	tinker_gspo_qwen3.5-4b_gsm8k	tinker	managed	gspo	not_applicable
delta_dapo	clip_higher	trl_grpo_qwen3-8b_gsm8k	trl	open	grpo	not_applicable
delta_dapo	clip_higher	verl_grpo_qwen3-8b_gsm8k	verl	open	grpo	not_applicable
delta_dapo	clip_higher	zvf130_cppo	worktree-zvf130-batch	open	cppo	not_applicable
delta_dapo	clip_higher	zvf130_es	worktree-zvf130-batch	open	es	not_applicable
delta_dapo	clip_higher	zvf130_mcgrpo	worktree-zvf130-batch	open	mcgrpo	not_applicable
delta_dapo	clip_higher	zvf130_ngrpo	worktree-zvf130-batch	open	ngrpo	not_applicable
delta_dapo	clip_higher	zvf130_scafgrpo	worktree-zvf130-batch	open	scafgrpo	not_applicable
delta_dapo	dynamic_sampling	colab-open_dapo_e3	colab-open-trainer	open	dapo	implemented
delta_dapo	dynamic_sampling	colab-open_drgrpo_e3	colab-open-trainer	open	drgrpo	not_applicable
delta_dapo	dynamic_sampling	colab-open_grpo-adaptiveg_e3	colab-open-trainer	open	grpo	not_applicable
delta_dapo	dynamic_sampling	colab-open_grpo_e3	colab-open-trainer	open	grpo	not_applicable
delta_dapo	dynamic_sampling	openrlhf_grpo_qwen3-8b_gsm8k	openrlhf	open	grpo	not_applicable
delta_dapo	dynamic_sampling	tinker_aero_qwen3.5-4b_gsm8k	tinker	managed	aero	not_applicable
delta_dapo	dynamic_sampling	tinker_areal_qwen3.5-4b_gsm8k	tinker	managed	areal	not_applicable
delta_dapo	dynamic_sampling	tinker_dapo_qwen3.5-4b_gsm8k	tinker	managed	dapo	absent
delta_dapo	dynamic_sampling	tinker_drgrpo_qwen3.5-4b_gsm8k	tinker	managed	drgrpo	not_applicable
delta_dapo	dynamic_sampling	tinker_gift_qwen3.5-4b_gsm8k	tinker	managed	gift	not_applicable
delta_dapo	dynamic_sampling	tinker_grpo_qwen3-8b_gsm8k	tinker	managed	grpo	not_applicable
delta_dapo	dynamic_sampling	tinker_grpo_qwen3.5-4b_gsm8k	tinker	managed	grpo	not_applicable
delta_dapo	dynamic_sampling	tinker_gspo_qwen3.5-4b_gsm8k	tinker	managed	gspo	not_applicable
delta_dapo	dynamic_sampling	trl_grpo_qwen3-8b_gsm8k	trl	open	grpo	not_applicable
delta_dapo	dynamic_sampling	verl_grpo_qwen3-8b_gsm8k	verl	open	grpo	not_applicable
delta_dapo	dynamic_sampling	zvf130_cppo	worktree-zvf130-batch	open	cppo	not_applicable
delta_dapo	dynamic_sampling	zvf130_es	worktree-zvf130-batch	open	es	not_applicable
delta_dapo	dynamic_sampling	zvf130_mcgrpo	worktree-zvf130-batch	open	mcgrpo	not_applicable
delta_dapo	dynamic_sampling	zvf130_ngrpo	worktree-zvf130-batch	open	ngrpo	not_applicable
delta_dapo	dynamic_sampling	zvf130_scafgrpo	worktree-zvf130-batch	open	scafgrpo	not_applicable
delta_dapo	token_level_loss	colab-open_dapo_e3	colab-open-trainer	open	dapo	implemented
delta_dapo	token_level_loss	colab-open_drgrpo_e3	colab-open-trainer	open	drgrpo	not_applicable
delta_dapo	token_level_loss	colab-open_grpo-adaptiveg_e3	colab-open-trainer	open	grpo	not_applicable
delta_dapo	token_level_loss	colab-open_grpo_e3	colab-open-trainer	open	grpo	not_applicable
delta_dapo	token_level_loss	openrlhf_grpo_qwen3-8b_gsm8k	openrlhf	open	grpo	not_applicable
delta_dapo	token_level_loss	tinker_aero_qwen3.5-4b_gsm8k	tinker	managed	aero	not_applicable
delta_dapo	token_level_loss	tinker_areal_qwen3.5-4b_gsm8k	tinker	managed	areal	not_applicable
delta_dapo	token_level_loss	tinker_dapo_qwen3.5-4b_gsm8k	tinker	managed	dapo	unknown
delta_dapo	token_level_loss	tinker_drgrpo_qwen3.5-4b_gsm8k	tinker	managed	drgrpo	not_applicable
delta_dapo	token_level_loss	tinker_gift_qwen3.5-4b_gsm8k	tinker	managed	gift	not_applicable
delta_dapo	token_level_loss	tinker_grpo_qwen3-8b_gsm8k	tinker	managed	grpo	not_applicable
delta_dapo	token_level_loss	tinker_grpo_qwen3.5-4b_gsm8k	tinker	managed	grpo	not_applicable
delta_dapo	token_level_loss	tinker_gspo_qwen3.5-4b_gsm8k	tinker	managed	gspo	not_applicable
delta_dapo	token_level_loss	trl_grpo_qwen3-8b_gsm8k	trl	open	grpo	not_applicable
delta_dapo	token_level_loss	verl_grpo_qwen3-8b_gsm8k	verl	open	grpo	not_applicable
delta_dapo	token_level_loss	zvf130_cppo	worktree-zvf130-batch	open	cppo	not_applicable
delta_dapo	token_level_loss	zvf130_es	worktree-zvf130-batch	open	es	not_applicable
delta_dapo	token_level_loss	zvf130_mcgrpo	worktree-zvf130-batch	open	mcgrpo	not_applicable
delta_dapo	token_level_loss	zvf130_ngrpo	worktree-zvf130-batch	open	ngrpo	not_applicable
delta_dapo	token_level_loss	zvf130_scafgrpo	worktree-zvf130-batch	open	scafgrpo	not_applicable
delta_dapo	overlong_reward_shaping	colab-open_dapo_e3	colab-open-trainer	open	dapo	absent
delta_dapo	overlong_reward_shaping	colab-open_drgrpo_e3	colab-open-trainer	open	drgrpo	not_applicable
delta_dapo	overlong_reward_shaping	colab-open_grpo-adaptiveg_e3	colab-open-trainer	open	grpo	not_applicable
delta_dapo	overlong_reward_shaping	colab-open_grpo_e3	colab-open-trainer	open	grpo	not_applicable
delta_dapo	overlong_reward_shaping	openrlhf_grpo_qwen3-8b_gsm8k	openrlhf	open	grpo	not_applicable
delta_dapo	overlong_reward_shaping	tinker_aero_qwen3.5-4b_gsm8k	tinker	managed	aero	not_applicable
delta_dapo	overlong_reward_shaping	tinker_areal_qwen3.5-4b_gsm8k	tinker	managed	areal	not_applicable
delta_dapo	overlong_reward_shaping	tinker_dapo_qwen3.5-4b_gsm8k	tinker	managed	dapo	absent
delta_dapo	overlong_reward_shaping	tinker_drgrpo_qwen3.5-4b_gsm8k	tinker	managed	drgrpo	not_applicable
delta_dapo	overlong_reward_shaping	tinker_gift_qwen3.5-4b_gsm8k	tinker	managed	gift	not_applicable
delta_dapo	overlong_reward_shaping	tinker_grpo_qwen3-8b_gsm8k	tinker	managed	grpo	not_applicable
delta_dapo	overlong_reward_shaping	tinker_grpo_qwen3.5-4b_gsm8k	tinker	managed	grpo	not_applicable
delta_dapo	overlong_reward_shaping	tinker_gspo_qwen3.5-4b_gsm8k	tinker	managed	gspo	not_applicable
delta_dapo	overlong_reward_shaping	trl_grpo_qwen3-8b_gsm8k	trl	open	grpo	not_applicable
delta_dapo	overlong_reward_shaping	verl_grpo_qwen3-8b_gsm8k	verl	open	grpo	not_applicable
delta_dapo	overlong_reward_shaping	zvf130_cppo	worktree-zvf130-batch	open	cppo	not_applicable
delta_dapo	overlong_reward_shaping	zvf130_es	worktree-zvf130-batch	open	es	not_applicable
delta_dapo	overlong_reward_shaping	zvf130_mcgrpo	worktree-zvf130-batch	open	mcgrpo	not_applicable
delta_dapo	overlong_reward_shaping	zvf130_ngrpo	worktree-zvf130-batch	open	ngrpo	not_applicable
delta_dapo	overlong_reward_shaping	zvf130_scafgrpo	worktree-zvf130-batch	open	scafgrpo	not_applicable
delta_dapo	kl_removed	colab-open_dapo_e3	colab-open-trainer	open	dapo	implemented
delta_dapo	kl_removed	colab-open_drgrpo_e3	colab-open-trainer	open	drgrpo	not_applicable
delta_dapo	kl_removed	colab-open_grpo-adaptiveg_e3	colab-open-trainer	open	grpo	not_applicable
delta_dapo	kl_removed	colab-open_grpo_e3	colab-open-trainer	open	grpo	not_applicable
delta_dapo	kl_removed	openrlhf_grpo_qwen3-8b_gsm8k	openrlhf	open	grpo	not_applicable
delta_dapo	kl_removed	tinker_aero_qwen3.5-4b_gsm8k	tinker	managed	aero	not_applicable
delta_dapo	kl_removed	tinker_areal_qwen3.5-4b_gsm8k	tinker	managed	areal	not_applicable
delta_dapo	kl_removed	tinker_dapo_qwen3.5-4b_gsm8k	tinker	managed	dapo	unknown
delta_dapo	kl_removed	tinker_drgrpo_qwen3.5-4b_gsm8k	tinker	managed	drgrpo	not_applicable
delta_dapo	kl_removed	tinker_gift_qwen3.5-4b_gsm8k	tinker	managed	gift	not_applicable
delta_dapo	kl_removed	tinker_grpo_qwen3-8b_gsm8k	tinker	managed	grpo	not_applicable
delta_dapo	kl_removed	tinker_grpo_qwen3.5-4b_gsm8k	tinker	managed	grpo	not_applicable
delta_dapo	kl_removed	tinker_gspo_qwen3.5-4b_gsm8k	tinker	managed	gspo	not_applicable
delta_dapo	kl_removed	trl_grpo_qwen3-8b_gsm8k	trl	open	grpo	not_applicable
delta_dapo	kl_removed	verl_grpo_qwen3-8b_gsm8k	verl	open	grpo	not_applicable
delta_dapo	kl_removed	zvf130_cppo	worktree-zvf130-batch	open	cppo	not_applicable
delta_dapo	kl_removed	zvf130_es	worktree-zvf130-batch	open	es	not_applicable
delta_dapo	kl_removed	zvf130_mcgrpo	worktree-zvf130-batch	open	mcgrpo	not_applicable
delta_dapo	kl_removed	zvf130_ngrpo	worktree-zvf130-batch	open	ngrpo	not_applicable
delta_dapo	kl_removed	zvf130_scafgrpo	worktree-zvf130-batch	open	scafgrpo	not_applicable
delta_drgrpo	length_normalization	colab-open_dapo_e3	colab-open-trainer	open	dapo	not_applicable
delta_drgrpo	length_normalization	colab-open_drgrpo_e3	colab-open-trainer	open	drgrpo	implemented
delta_drgrpo	length_normalization	colab-open_grpo-adaptiveg_e3	colab-open-trainer	open	grpo	not_applicable
delta_drgrpo	length_normalization	colab-open_grpo_e3	colab-open-trainer	open	grpo	not_applicable
delta_drgrpo	length_normalization	openrlhf_grpo_qwen3-8b_gsm8k	openrlhf	open	grpo	not_applicable
delta_drgrpo	length_normalization	tinker_aero_qwen3.5-4b_gsm8k	tinker	managed	aero	not_applicable
delta_drgrpo	length_normalization	tinker_areal_qwen3.5-4b_gsm8k	tinker	managed	areal	not_applicable
delta_drgrpo	length_normalization	tinker_dapo_qwen3.5-4b_gsm8k	tinker	managed	dapo	not_applicable
delta_drgrpo	length_normalization	tinker_drgrpo_qwen3.5-4b_gsm8k	tinker	managed	drgrpo	surrogate
delta_drgrpo	length_normalization	tinker_gift_qwen3.5-4b_gsm8k	tinker	managed	gift	not_applicable
delta_drgrpo	length_normalization	tinker_grpo_qwen3-8b_gsm8k	tinker	managed	grpo	not_applicable
delta_drgrpo	length_normalization	tinker_grpo_qwen3.5-4b_gsm8k	tinker	managed	grpo	not_applicable
delta_drgrpo	length_normalization	tinker_gspo_qwen3.5-4b_gsm8k	tinker	managed	gspo	not_applicable
delta_drgrpo	length_normalization	trl_grpo_qwen3-8b_gsm8k	trl	open	grpo	not_applicable
delta_drgrpo	length_normalization	verl_grpo_qwen3-8b_gsm8k	verl	open	grpo	not_applicable
delta_drgrpo	length_normalization	zvf130_cppo	worktree-zvf130-batch	open	cppo	not_applicable
delta_drgrpo	length_normalization	zvf130_es	worktree-zvf130-batch	open	es	not_applicable
delta_drgrpo	length_normalization	zvf130_mcgrpo	worktree-zvf130-batch	open	mcgrpo	not_applicable
delta_drgrpo	length_normalization	zvf130_ngrpo	worktree-zvf130-batch	open	ngrpo	not_applicable
delta_drgrpo	length_normalization	zvf130_scafgrpo	worktree-zvf130-batch	open	scafgrpo	not_applicable
delta_drgrpo	advantage_std_normalization	colab-open_dapo_e3	colab-open-trainer	open	dapo	not_applicable
delta_drgrpo	advantage_std_normalization	colab-open_drgrpo_e3	colab-open-trainer	open	drgrpo	implemented
delta_drgrpo	advantage_std_normalization	colab-open_grpo-adaptiveg_e3	colab-open-trainer	open	grpo	not_applicable
delta_drgrpo	advantage_std_normalization	colab-open_grpo_e3	colab-open-trainer	open	grpo	not_applicable
delta_drgrpo	advantage_std_normalization	openrlhf_grpo_qwen3-8b_gsm8k	openrlhf	open	grpo	not_applicable
delta_drgrpo	advantage_std_normalization	tinker_aero_qwen3.5-4b_gsm8k	tinker	managed	aero	not_applicable
delta_drgrpo	advantage_std_normalization	tinker_areal_qwen3.5-4b_gsm8k	tinker	managed	areal	not_applicable
delta_drgrpo	advantage_std_normalization	tinker_dapo_qwen3.5-4b_gsm8k	tinker	managed	dapo	not_applicable
delta_drgrpo	advantage_std_normalization	tinker_drgrpo_qwen3.5-4b_gsm8k	tinker	managed	drgrpo	surrogate
delta_drgrpo	advantage_std_normalization	tinker_gift_qwen3.5-4b_gsm8k	tinker	managed	gift	not_applicable
delta_drgrpo	advantage_std_normalization	tinker_grpo_qwen3-8b_gsm8k	tinker	managed	grpo	not_applicable
delta_drgrpo	advantage_std_normalization	tinker_grpo_qwen3.5-4b_gsm8k	tinker	managed	grpo	not_applicable
delta_drgrpo	advantage_std_normalization	tinker_gspo_qwen3.5-4b_gsm8k	tinker	managed	gspo	not_applicable
delta_drgrpo	advantage_std_normalization	trl_grpo_qwen3-8b_gsm8k	trl	open	grpo	not_applicable
delta_drgrpo	advantage_std_normalization	verl_grpo_qwen3-8b_gsm8k	verl	open	grpo	not_applicable
delta_drgrpo	advantage_std_normalization	zvf130_cppo	worktree-zvf130-batch	open	cppo	not_applicable
delta_drgrpo	advantage_std_normalization	zvf130_es	worktree-zvf130-batch	open	es	not_applicable
delta_drgrpo	advantage_std_normalization	zvf130_mcgrpo	worktree-zvf130-batch	open	mcgrpo	not_applicable
delta_drgrpo	advantage_std_normalization	zvf130_ngrpo	worktree-zvf130-batch	open	ngrpo	not_applicable
delta_drgrpo	advantage_std_normalization	zvf130_scafgrpo	worktree-zvf130-batch	open	scafgrpo	not_applicable
delta_es	black_box_perturbation	colab-open_dapo_e3	colab-open-trainer	open	dapo	not_applicable
delta_es	black_box_perturbation	colab-open_drgrpo_e3	colab-open-trainer	open	drgrpo	not_applicable
delta_es	black_box_perturbation	colab-open_grpo-adaptiveg_e3	colab-open-trainer	open	grpo	not_applicable
delta_es	black_box_perturbation	colab-open_grpo_e3	colab-open-trainer	open	grpo	not_applicable
delta_es	black_box_perturbation	openrlhf_grpo_qwen3-8b_gsm8k	openrlhf	open	grpo	not_applicable
delta_es	black_box_perturbation	tinker_aero_qwen3.5-4b_gsm8k	tinker	managed	aero	not_applicable
delta_es	black_box_perturbation	tinker_areal_qwen3.5-4b_gsm8k	tinker	managed	areal	not_applicable
delta_es	black_box_perturbation	tinker_dapo_qwen3.5-4b_gsm8k	tinker	managed	dapo	not_applicable
delta_es	black_box_perturbation	tinker_drgrpo_qwen3.5-4b_gsm8k	tinker	managed	drgrpo	not_applicable
delta_es	black_box_perturbation	tinker_gift_qwen3.5-4b_gsm8k	tinker	managed	gift	not_applicable
delta_es	black_box_perturbation	tinker_grpo_qwen3-8b_gsm8k	tinker	managed	grpo	not_applicable
delta_es	black_box_perturbation	tinker_grpo_qwen3.5-4b_gsm8k	tinker	managed	grpo	not_applicable
delta_es	black_box_perturbation	tinker_gspo_qwen3.5-4b_gsm8k	tinker	managed	gspo	not_applicable
delta_es	black_box_perturbation	trl_grpo_qwen3-8b_gsm8k	trl	open	grpo	not_applicable
delta_es	black_box_perturbation	verl_grpo_qwen3-8b_gsm8k	verl	open	grpo	not_applicable
delta_es	black_box_perturbation	zvf130_cppo	worktree-zvf130-batch	open	cppo	not_applicable
delta_es	black_box_perturbation	zvf130_es	worktree-zvf130-batch	open	es	unknown
delta_es	black_box_perturbation	zvf130_mcgrpo	worktree-zvf130-batch	open	mcgrpo	not_applicable
delta_es	black_box_perturbation	zvf130_ngrpo	worktree-zvf130-batch	open	ngrpo	not_applicable
delta_es	black_box_perturbation	zvf130_scafgrpo	worktree-zvf130-batch	open	scafgrpo	not_applicable
delta_gift	gamma_likelihood_baseline	colab-open_dapo_e3	colab-open-trainer	open	dapo	not_applicable
delta_gift	gamma_likelihood_baseline	colab-open_drgrpo_e3	colab-open-trainer	open	drgrpo	not_applicable
delta_gift	gamma_likelihood_baseline	colab-open_grpo-adaptiveg_e3	colab-open-trainer	open	grpo	not_applicable
delta_gift	gamma_likelihood_baseline	colab-open_grpo_e3	colab-open-trainer	open	grpo	not_applicable
delta_gift	gamma_likelihood_baseline	openrlhf_grpo_qwen3-8b_gsm8k	openrlhf	open	grpo	not_applicable
delta_gift	gamma_likelihood_baseline	tinker_aero_qwen3.5-4b_gsm8k	tinker	managed	aero	not_applicable
delta_gift	gamma_likelihood_baseline	tinker_areal_qwen3.5-4b_gsm8k	tinker	managed	areal	not_applicable
delta_gift	gamma_likelihood_baseline	tinker_dapo_qwen3.5-4b_gsm8k	tinker	managed	dapo	not_applicable
delta_gift	gamma_likelihood_baseline	tinker_drgrpo_qwen3.5-4b_gsm8k	tinker	managed	drgrpo	not_applicable
delta_gift	gamma_likelihood_baseline	tinker_gift_qwen3.5-4b_gsm8k	tinker	managed	gift	implemented
delta_gift	gamma_likelihood_baseline	tinker_grpo_qwen3-8b_gsm8k	tinker	managed	grpo	not_applicable
delta_gift	gamma_likelihood_baseline	tinker_grpo_qwen3.5-4b_gsm8k	tinker	managed	grpo	not_applicable
delta_gift	gamma_likelihood_baseline	tinker_gspo_qwen3.5-4b_gsm8k	tinker	managed	gspo	not_applicable
delta_gift	gamma_likelihood_baseline	trl_grpo_qwen3-8b_gsm8k	trl	open	grpo	not_applicable
delta_gift	gamma_likelihood_baseline	verl_grpo_qwen3-8b_gsm8k	verl	open	grpo	not_applicable
delta_gift	gamma_likelihood_baseline	zvf130_cppo	worktree-zvf130-batch	open	cppo	not_applicable
delta_gift	gamma_likelihood_baseline	zvf130_es	worktree-zvf130-batch	open	es	not_applicable
delta_gift	gamma_likelihood_baseline	zvf130_mcgrpo	worktree-zvf130-batch	open	mcgrpo	not_applicable
delta_gift	gamma_likelihood_baseline	zvf130_ngrpo	worktree-zvf130-batch	open	ngrpo	not_applicable
delta_gift	gamma_likelihood_baseline	zvf130_scafgrpo	worktree-zvf130-batch	open	scafgrpo	not_applicable
delta_gspo	sequence_level_ratio	colab-open_dapo_e3	colab-open-trainer	open	dapo	not_applicable
delta_gspo	sequence_level_ratio	colab-open_drgrpo_e3	colab-open-trainer	open	drgrpo	not_applicable
delta_gspo	sequence_level_ratio	colab-open_grpo-adaptiveg_e3	colab-open-trainer	open	grpo	not_applicable
delta_gspo	sequence_level_ratio	colab-open_grpo_e3	colab-open-trainer	open	grpo	not_applicable
delta_gspo	sequence_level_ratio	openrlhf_grpo_qwen3-8b_gsm8k	openrlhf	open	grpo	not_applicable
delta_gspo	sequence_level_ratio	tinker_aero_qwen3.5-4b_gsm8k	tinker	managed	aero	not_applicable
delta_gspo	sequence_level_ratio	tinker_areal_qwen3.5-4b_gsm8k	tinker	managed	areal	not_applicable
delta_gspo	sequence_level_ratio	tinker_dapo_qwen3.5-4b_gsm8k	tinker	managed	dapo	not_applicable
delta_gspo	sequence_level_ratio	tinker_drgrpo_qwen3.5-4b_gsm8k	tinker	managed	drgrpo	not_applicable
delta_gspo	sequence_level_ratio	tinker_gift_qwen3.5-4b_gsm8k	tinker	managed	gift	not_applicable
delta_gspo	sequence_level_ratio	tinker_grpo_qwen3-8b_gsm8k	tinker	managed	grpo	not_applicable
delta_gspo	sequence_level_ratio	tinker_grpo_qwen3.5-4b_gsm8k	tinker	managed	grpo	not_applicable
delta_gspo	sequence_level_ratio	tinker_gspo_qwen3.5-4b_gsm8k	tinker	managed	gspo	surrogate
delta_gspo	sequence_level_ratio	trl_grpo_qwen3-8b_gsm8k	trl	open	grpo	not_applicable
delta_gspo	sequence_level_ratio	verl_grpo_qwen3-8b_gsm8k	verl	open	grpo	not_applicable
delta_gspo	sequence_level_ratio	zvf130_cppo	worktree-zvf130-batch	open	cppo	not_applicable
delta_gspo	sequence_level_ratio	zvf130_es	worktree-zvf130-batch	open	es	not_applicable
delta_gspo	sequence_level_ratio	zvf130_mcgrpo	worktree-zvf130-batch	open	mcgrpo	not_applicable
delta_gspo	sequence_level_ratio	zvf130_ngrpo	worktree-zvf130-batch	open	ngrpo	not_applicable
delta_gspo	sequence_level_ratio	zvf130_scafgrpo	worktree-zvf130-batch	open	scafgrpo	not_applicable
delta_gspo	sequence_level_clip	colab-open_dapo_e3	colab-open-trainer	open	dapo	not_applicable
delta_gspo	sequence_level_clip	colab-open_drgrpo_e3	colab-open-trainer	open	drgrpo	not_applicable
delta_gspo	sequence_level_clip	colab-open_grpo-adaptiveg_e3	colab-open-trainer	open	grpo	not_applicable
delta_gspo	sequence_level_clip	colab-open_grpo_e3	colab-open-trainer	open	grpo	not_applicable
delta_gspo	sequence_level_clip	openrlhf_grpo_qwen3-8b_gsm8k	openrlhf	open	grpo	not_applicable
delta_gspo	sequence_level_clip	tinker_aero_qwen3.5-4b_gsm8k	tinker	managed	aero	not_applicable
delta_gspo	sequence_level_clip	tinker_areal_qwen3.5-4b_gsm8k	tinker	managed	areal	not_applicable
delta_gspo	sequence_level_clip	tinker_dapo_qwen3.5-4b_gsm8k	tinker	managed	dapo	not_applicable
delta_gspo	sequence_level_clip	tinker_drgrpo_qwen3.5-4b_gsm8k	tinker	managed	drgrpo	not_applicable
delta_gspo	sequence_level_clip	tinker_gift_qwen3.5-4b_gsm8k	tinker	managed	gift	not_applicable
delta_gspo	sequence_level_clip	tinker_grpo_qwen3-8b_gsm8k	tinker	managed	grpo	not_applicable
delta_gspo	sequence_level_clip	tinker_grpo_qwen3.5-4b_gsm8k	tinker	managed	grpo	not_applicable
delta_gspo	sequence_level_clip	tinker_gspo_qwen3.5-4b_gsm8k	tinker	managed	gspo	unknown
delta_gspo	sequence_level_clip	trl_grpo_qwen3-8b_gsm8k	trl	open	grpo	not_applicable
delta_gspo	sequence_level_clip	verl_grpo_qwen3-8b_gsm8k	verl	open	grpo	not_applicable
delta_gspo	sequence_level_clip	zvf130_cppo	worktree-zvf130-batch	open	cppo	not_applicable
delta_gspo	sequence_level_clip	zvf130_es	worktree-zvf130-batch	open	es	not_applicable
delta_gspo	sequence_level_clip	zvf130_mcgrpo	worktree-zvf130-batch	open	mcgrpo	not_applicable
delta_gspo	sequence_level_clip	zvf130_ngrpo	worktree-zvf130-batch	open	ngrpo	not_applicable
delta_gspo	sequence_level_clip	zvf130_scafgrpo	worktree-zvf130-batch	open	scafgrpo	not_applicable
delta_mcgrpo	mcts_rollout	colab-open_dapo_e3	colab-open-trainer	open	dapo	not_applicable
delta_mcgrpo	mcts_rollout	colab-open_drgrpo_e3	colab-open-trainer	open	drgrpo	not_applicable
delta_mcgrpo	mcts_rollout	colab-open_grpo-adaptiveg_e3	colab-open-trainer	open	grpo	not_applicable
delta_mcgrpo	mcts_rollout	colab-open_grpo_e3	colab-open-trainer	open	grpo	not_applicable
delta_mcgrpo	mcts_rollout	openrlhf_grpo_qwen3-8b_gsm8k	openrlhf	open	grpo	not_applicable
delta_mcgrpo	mcts_rollout	tinker_aero_qwen3.5-4b_gsm8k	tinker	managed	aero	not_applicable
delta_mcgrpo	mcts_rollout	tinker_areal_qwen3.5-4b_gsm8k	tinker	managed	areal	not_applicable
delta_mcgrpo	mcts_rollout	tinker_dapo_qwen3.5-4b_gsm8k	tinker	managed	dapo	not_applicable
delta_mcgrpo	mcts_rollout	tinker_drgrpo_qwen3.5-4b_gsm8k	tinker	managed	drgrpo	not_applicable
delta_mcgrpo	mcts_rollout	tinker_gift_qwen3.5-4b_gsm8k	tinker	managed	gift	not_applicable
delta_mcgrpo	mcts_rollout	tinker_grpo_qwen3-8b_gsm8k	tinker	managed	grpo	not_applicable
delta_mcgrpo	mcts_rollout	tinker_grpo_qwen3.5-4b_gsm8k	tinker	managed	grpo	not_applicable
delta_mcgrpo	mcts_rollout	tinker_gspo_qwen3.5-4b_gsm8k	tinker	managed	gspo	not_applicable
delta_mcgrpo	mcts_rollout	trl_grpo_qwen3-8b_gsm8k	trl	open	grpo	not_applicable
delta_mcgrpo	mcts_rollout	verl_grpo_qwen3-8b_gsm8k	verl	open	grpo	not_applicable
delta_mcgrpo	mcts_rollout	zvf130_cppo	worktree-zvf130-batch	open	cppo	not_applicable
delta_mcgrpo	mcts_rollout	zvf130_es	worktree-zvf130-batch	open	es	not_applicable
delta_mcgrpo	mcts_rollout	zvf130_mcgrpo	worktree-zvf130-batch	open	mcgrpo	unknown
delta_mcgrpo	mcts_rollout	zvf130_ngrpo	worktree-zvf130-batch	open	ngrpo	not_applicable
delta_mcgrpo	mcts_rollout	zvf130_scafgrpo	worktree-zvf130-batch	open	scafgrpo	not_applicable
delta_mcgrpo	per_prompt_diversity_bonus	colab-open_dapo_e3	colab-open-trainer	open	dapo	not_applicable
delta_mcgrpo	per_prompt_diversity_bonus	colab-open_drgrpo_e3	colab-open-trainer	open	drgrpo	not_applicable
delta_mcgrpo	per_prompt_diversity_bonus	colab-open_grpo-adaptiveg_e3	colab-open-trainer	open	grpo	not_applicable
delta_mcgrpo	per_prompt_diversity_bonus	colab-open_grpo_e3	colab-open-trainer	open	grpo	not_applicable
delta_mcgrpo	per_prompt_diversity_bonus	openrlhf_grpo_qwen3-8b_gsm8k	openrlhf	open	grpo	not_applicable
delta_mcgrpo	per_prompt_diversity_bonus	tinker_aero_qwen3.5-4b_gsm8k	tinker	managed	aero	not_applicable
delta_mcgrpo	per_prompt_diversity_bonus	tinker_areal_qwen3.5-4b_gsm8k	tinker	managed	areal	not_applicable
delta_mcgrpo	per_prompt_diversity_bonus	tinker_dapo_qwen3.5-4b_gsm8k	tinker	managed	dapo	not_applicable
delta_mcgrpo	per_prompt_diversity_bonus	tinker_drgrpo_qwen3.5-4b_gsm8k	tinker	managed	drgrpo	not_applicable
delta_mcgrpo	per_prompt_diversity_bonus	tinker_gift_qwen3.5-4b_gsm8k	tinker	managed	gift	not_applicable
delta_mcgrpo	per_prompt_diversity_bonus	tinker_grpo_qwen3-8b_gsm8k	tinker	managed	grpo	not_applicable
delta_mcgrpo	per_prompt_diversity_bonus	tinker_grpo_qwen3.5-4b_gsm8k	tinker	managed	grpo	not_applicable
delta_mcgrpo	per_prompt_diversity_bonus	tinker_gspo_qwen3.5-4b_gsm8k	tinker	managed	gspo	not_applicable
delta_mcgrpo	per_prompt_diversity_bonus	trl_grpo_qwen3-8b_gsm8k	trl	open	grpo	not_applicable
delta_mcgrpo	per_prompt_diversity_bonus	verl_grpo_qwen3-8b_gsm8k	verl	open	grpo	not_applicable
delta_mcgrpo	per_prompt_diversity_bonus	zvf130_cppo	worktree-zvf130-batch	open	cppo	not_applicable
delta_mcgrpo	per_prompt_diversity_bonus	zvf130_es	worktree-zvf130-batch	open	es	not_applicable
delta_mcgrpo	per_prompt_diversity_bonus	zvf130_mcgrpo	worktree-zvf130-batch	open	mcgrpo	unknown
delta_mcgrpo	per_prompt_diversity_bonus	zvf130_ngrpo	worktree-zvf130-batch	open	ngrpo	not_applicable
delta_mcgrpo	per_prompt_diversity_bonus	zvf130_scafgrpo	worktree-zvf130-batch	open	scafgrpo	not_applicable
delta_ngrpo	per_prompt_normalization	colab-open_dapo_e3	colab-open-trainer	open	dapo	not_applicable
delta_ngrpo	per_prompt_normalization	colab-open_drgrpo_e3	colab-open-trainer	open	drgrpo	not_applicable
delta_ngrpo	per_prompt_normalization	colab-open_grpo-adaptiveg_e3	colab-open-trainer	open	grpo	not_applicable
delta_ngrpo	per_prompt_normalization	colab-open_grpo_e3	colab-open-trainer	open	grpo	not_applicable
delta_ngrpo	per_prompt_normalization	openrlhf_grpo_qwen3-8b_gsm8k	openrlhf	open	grpo	not_applicable
delta_ngrpo	per_prompt_normalization	tinker_aero_qwen3.5-4b_gsm8k	tinker	managed	aero	not_applicable
delta_ngrpo	per_prompt_normalization	tinker_areal_qwen3.5-4b_gsm8k	tinker	managed	areal	not_applicable
delta_ngrpo	per_prompt_normalization	tinker_dapo_qwen3.5-4b_gsm8k	tinker	managed	dapo	not_applicable
delta_ngrpo	per_prompt_normalization	tinker_drgrpo_qwen3.5-4b_gsm8k	tinker	managed	drgrpo	not_applicable
delta_ngrpo	per_prompt_normalization	tinker_gift_qwen3.5-4b_gsm8k	tinker	managed	gift	not_applicable
delta_ngrpo	per_prompt_normalization	tinker_grpo_qwen3-8b_gsm8k	tinker	managed	grpo	not_applicable
delta_ngrpo	per_prompt_normalization	tinker_grpo_qwen3.5-4b_gsm8k	tinker	managed	grpo	not_applicable
delta_ngrpo	per_prompt_normalization	tinker_gspo_qwen3.5-4b_gsm8k	tinker	managed	gspo	not_applicable
delta_ngrpo	per_prompt_normalization	trl_grpo_qwen3-8b_gsm8k	trl	open	grpo	not_applicable
delta_ngrpo	per_prompt_normalization	verl_grpo_qwen3-8b_gsm8k	verl	open	grpo	not_applicable
delta_ngrpo	per_prompt_normalization	zvf130_cppo	worktree-zvf130-batch	open	cppo	not_applicable
delta_ngrpo	per_prompt_normalization	zvf130_es	worktree-zvf130-batch	open	es	not_applicable
delta_ngrpo	per_prompt_normalization	zvf130_mcgrpo	worktree-zvf130-batch	open	mcgrpo	not_applicable
delta_ngrpo	per_prompt_normalization	zvf130_ngrpo	worktree-zvf130-batch	open	ngrpo	unknown
delta_ngrpo	per_prompt_normalization	zvf130_scafgrpo	worktree-zvf130-batch	open	scafgrpo	not_applicable
delta_scafgrpo	scaffold_aware_advantage	colab-open_dapo_e3	colab-open-trainer	open	dapo	not_applicable
delta_scafgrpo	scaffold_aware_advantage	colab-open_drgrpo_e3	colab-open-trainer	open	drgrpo	not_applicable
delta_scafgrpo	scaffold_aware_advantage	colab-open_grpo-adaptiveg_e3	colab-open-trainer	open	grpo	not_applicable
delta_scafgrpo	scaffold_aware_advantage	colab-open_grpo_e3	colab-open-trainer	open	grpo	not_applicable
delta_scafgrpo	scaffold_aware_advantage	openrlhf_grpo_qwen3-8b_gsm8k	openrlhf	open	grpo	not_applicable
delta_scafgrpo	scaffold_aware_advantage	tinker_aero_qwen3.5-4b_gsm8k	tinker	managed	aero	not_applicable
delta_scafgrpo	scaffold_aware_advantage	tinker_areal_qwen3.5-4b_gsm8k	tinker	managed	areal	not_applicable
delta_scafgrpo	scaffold_aware_advantage	tinker_dapo_qwen3.5-4b_gsm8k	tinker	managed	dapo	not_applicable
delta_scafgrpo	scaffold_aware_advantage	tinker_drgrpo_qwen3.5-4b_gsm8k	tinker	managed	drgrpo	not_applicable
delta_scafgrpo	scaffold_aware_advantage	tinker_gift_qwen3.5-4b_gsm8k	tinker	managed	gift	not_applicable
delta_scafgrpo	scaffold_aware_advantage	tinker_grpo_qwen3-8b_gsm8k	tinker	managed	grpo	not_applicable
delta_scafgrpo	scaffold_aware_advantage	tinker_grpo_qwen3.5-4b_gsm8k	tinker	managed	grpo	not_applicable
delta_scafgrpo	scaffold_aware_advantage	tinker_gspo_qwen3.5-4b_gsm8k	tinker	managed	gspo	not_applicable
delta_scafgrpo	scaffold_aware_advantage	trl_grpo_qwen3-8b_gsm8k	trl	open	grpo	not_applicable
delta_scafgrpo	scaffold_aware_advantage	verl_grpo_qwen3-8b_gsm8k	verl	open	grpo	not_applicable
delta_scafgrpo	scaffold_aware_advantage	zvf130_cppo	worktree-zvf130-batch	open	cppo	not_applicable
delta_scafgrpo	scaffold_aware_advantage	zvf130_es	worktree-zvf130-batch	open	es	not_applicable
delta_scafgrpo	scaffold_aware_advantage	zvf130_mcgrpo	worktree-zvf130-batch	open	mcgrpo	not_applicable
delta_scafgrpo	scaffold_aware_advantage	zvf130_ngrpo	worktree-zvf130-batch	open	ngrpo	not_applicable
delta_scafgrpo	scaffold_aware_advantage	zvf130_scafgrpo	worktree-zvf130-batch	open	scafgrpo	unknown
